{
    "dimensions": [
        {
            "dimension": "E/I",
            "questions": [
                {
                    "en": "How do you typically recharge after a long day?",
                    "zh": "在漫长的一天之后，你通常如何恢复精力？"
                },
                {
                    "en": "Describe a perfect weekend for you.",
                    "zh": "描述一下你心目中完美的周末。"
                },
                {
                    "en": "How do you feel about impromptu social gatherings?",
                    "zh": "你对即兴社交聚会有什么看法？"
                }
            ]
        },
        {
            "dimension": "S/N",
            "questions": [
                {
                    "en": "When solving a problem, do you prefer established methods or creating new approaches?",
                    "zh": "解决问题时，你更喜欢使用已建立的方法还是创造新的方法？"
                },
                {
                    "en": "How important are traditions to you?",
                    "zh": "传统对你有多重要？"
                },
                {
                    "en": "When reading, do you focus more on details or the overall meaning?",
                    "zh": "阅读时，你更关注细节还是整体含义？"
                }
            ]
        },
        {
            "dimension": "T/F",
            "questions": [
                {
                    "en": "How do you typically make important decisions?",
                    "zh": "你通常如何做出重要决定？"
                },
                {
                    "en": "Describe how you resolve conflicts with others.",
                    "zh": "描述一下你如何解决与他人的冲突。"
                },
                {
                    "en": "What is more important to you in a workplace: harmony or efficiency?",
                    "zh": "在工作场所，什么对你更重要：和谐还是效率？"
                }
            ]
        },
        {
            "dimension": "J/P",
            "questions": [
                {
                    "en": "How do you approach deadlines?",
                    "zh": "你如何看待截止日期？"
                },
                {
                    "en": "Describe your approach to planning a trip.",
                    "zh": "描述一下你计划旅行的方式。"
                },
                {
                    "en": "How do you feel when plans change unexpectedly?",
                    "zh": "当计划意外改变时，你有什么感受？"
                }
            ]
        }
    ]
}